<aetgt:getResponse xmlns:aetgt="http://schemas.active-endpoints.com/appmodules/repository/2010/10/avrepository.xsd"
                   xmlns:types1="http://schemas.active-endpoints.com/appmodules/repository/2010/10/avrepository.xsd">
   <types1:Item>
      <types1:EntryId>rhNzUzeA8rJ4pbg-gt-712269-2021-12-13T13:51:15.28Z::conn.xml</types1:EntryId>
      <types1:Name>SalesforceTrainingSrc</types1:Name>
      <types1:MimeType>application/xml+connection</types1:MimeType>
      <types1:Description>Connecting to Salesforce TrainingSrc</types1:Description>
      <types1:AppliesTo/>
      <types1:Tags>.agent:LOSDMETL02</types1:Tags>
      <types1:VersionLabel>1.0</types1:VersionLabel>
      <types1:State>CURRENT</types1:State>
      <types1:ProcessGroup/>
      <types1:CreatedBy>HSalamaddur@AgFirst.com.sand</types1:CreatedBy>
      <types1:CreationDate>2021-12-13T13:51:15Z</types1:CreationDate>
      <types1:ModifiedBy/>
      <types1:PublicationStatus>unpublished</types1:PublicationStatus>
      <types1:AutosaveExists>false</types1:AutosaveExists>
      <types1:Entry>
         <connection xmlns="http://schemas.informatica.com/socrates/data-services/2014/04/avosConnections.xsd"
                     displayName="SalesforceTrainingSrc"
                     label="SalesforceTrainingSrc"
                     name="SalesforceTrainingSrc">
            <description>Connecting to Salesforce TrainingSrc</description>
            <tags>.agent:LOSDMETL02</tags>
            <agent>LOSDMETL02</agent>
            <attributes/>
            <soaConnector xmlns="http://schemas.informatica.com/appmodules/screenflow/2014/04/avosConnectors.xsd"
                          connectorPath="project:/com.activevos.cumulus.cloud.extend.playbook.configuration/config/sfConnector.xml"
                          name="Salesforce"
                          supportsConnectionTest="true"
                          supportsOData="true"
                          uuid="05fc48f1-e6e1-441b-b700-bac396ca2ed1">
               <description>Salesforce.com SOA based data connector.</description>
            </soaConnector>
            <authentication type="$infa_oauth2-authorization_code">
               <attributes>
                  <attribute encrypted="false"
                             name="authUrl"
                             value="https://test.salesforce.com/services/oauth2/authorize"/>
                  <attribute encrypted="false"
                             name="tokenUrl"
                             value="https://test.salesforce.com/services/oauth2/token"/>
                  <attribute encrypted="false"
                             name="clientId"
                             value="3MVG9xOCXq4ID1uGLcy3DpgY477aDNaEoBicuOmIXFK5e3RLtboke4OmR0RanYBcnnFTUbV4iEJ7BW9PdXODd"/>
                  <attribute encrypted="true" name="clientSecret" value=""/>
                  <attribute encrypted="false" name="sessionDuration" value="60"/>
               </attributes>
            </authentication>
         </connection>
      </types1:Entry>
      <types1:GUID>1Ti0GpOQkdagI7jMP2CU2G</types1:GUID>
      <types1:DisplayName>SalesforceTrainingSrc</types1:DisplayName>
   </types1:Item>
   <types1:CurrentServerDateTime>2021-12-15T12:42:47.11Z</types1:CurrentServerDateTime>
</aetgt:getResponse>
