<aetgt:getResponse xmlns:aetgt="http://schemas.active-endpoints.com/appmodules/repository/2010/10/avrepository.xsd"
                   xmlns:types1="http://schemas.active-endpoints.com/appmodules/repository/2010/10/avrepository.xsd">
   <types1:Item>
      <types1:EntryId>02Fjuz3PI2HBxZm-gt-1344945-2021-12-15T12:37:47.994Z::conn.xml</types1:EntryId>
      <types1:Name>FileCon-1</types1:Name>
      <types1:MimeType>application/xml+connection</types1:MimeType>
      <types1:Description/>
      <types1:AppliesTo/>
      <types1:Tags>.agent:LOSDMETL02</types1:Tags>
      <types1:VersionLabel>1.0</types1:VersionLabel>
      <types1:State>CURRENT</types1:State>
      <types1:ProcessGroup/>
      <types1:CreatedBy>HSalamaddur@AgFirst.com.sand</types1:CreatedBy>
      <types1:CreationDate>2021-12-15T12:37:48Z</types1:CreationDate>
      <types1:ModifiedBy/>
      <types1:PublicationStatus>unpublished</types1:PublicationStatus>
      <types1:AutosaveExists>false</types1:AutosaveExists>
      <types1:Entry>
         <connection xmlns="http://schemas.informatica.com/socrates/data-services/2014/04/avosConnections.xsd"
                     displayName="FileCon"
                     label="FileCon"
                     name="FileCon-1">
            <description/>
            <tags>.agent:LOSDMETL02</tags>
            <agent>LOSDMETL02</agent>
            <attributes/>
            <producers>
               <producer enabled="true"
                         name="DelimitedContentWriter"
                         typeName="DelimitedContentWriter">
                  <description>Use this event target to serialize process objects to delimited content files, such as CSV, and save them to files on a disk.</description>
                  <attributes>
                     <attribute encrypted="false" name="directoryName" value="temp"/>
                     <attribute encrypted="false" name="fileExist" value="Override"/>
                     <attribute encrypted="false" name="moveExisting" value=""/>
                     <attribute encrypted="false" name="eagerDeleteTargetFile" value="true"/>
                     <attribute encrypted="false" name="tempPrefix" value="Temp"/>
                     <attribute encrypted="false" name="tempFileName" value="SFEvent"/>
                     <attribute encrypted="false" name="forceWrites" value="true"/>
                     <attribute encrypted="false" name="bufferSize" value=""/>
                     <attribute encrypted="false" name="charset" value=""/>
                     <attribute encrypted="false" name="delimiter" value=","/>
                     <attribute encrypted="false" name="textQualifier" value="&#34;"/>
                     <attribute encrypted="false" name="skipHeaders" value="false"/>
                     <attribute encrypted="false" name="lineEnding" value="Windows"/>
                  </attributes>
               </producer>
               <producer enabled="true" name="FileWriter" typeName="FileWriter">
                  <description>Use this event target to write output to a file.</description>
                  <attributes>
                     <attribute encrypted="false" name="directoryName" value="temp"/>
                     <attribute encrypted="false" name="fileExist" value="Override"/>
                     <attribute encrypted="false" name="moveExisting" value=""/>
                     <attribute encrypted="false" name="eagerDeleteTargetFile" value="true"/>
                     <attribute encrypted="false" name="tempPrefix" value="temp1"/>
                     <attribute encrypted="false" name="tempFileName" value="test"/>
                     <attribute encrypted="false" name="forceWrites" value="true"/>
                     <attribute encrypted="false" name="bufferSize" value=""/>
                     <attribute encrypted="false" name="charset" value=""/>
                  </attributes>
               </producer>
            </producers>
            <javaConnector xmlns="http://schemas.informatica.com/appmodules/screenflow/2014/04/avosConnectors.xsd"
                           agentOnly="true"
                           plugin="Camel"
                           supportsConnectionTest="true"
                           supportsDataPreview="false"
                           supportsOData="false"
                           type="File"
                           uuid="ac000300-d9fe-11e4-8830-0800200c9a66">
               <description>Provides connections to file monitoring brokers.</description>
            </javaConnector>
         </connection>
      </types1:Entry>
      <types1:GUID>bsoU52PcASmhlM9F3Y2Pk0</types1:GUID>
      <types1:DisplayName>FileCon</types1:DisplayName>
   </types1:Item>
   <types1:CurrentServerDateTime>2021-12-15T12:42:47.074Z</types1:CurrentServerDateTime>
</aetgt:getResponse>
