objectPath,objectName,objectType,id
/Explore/TestProject/WS1,mt_m_ACBSDNALoan_To_nCino_upd,MTT,16wKYV9I368kig1SuYOD42
/SYS,SQLServer_DNA_DEV,Connection,9xKoGiPLCACgHeWILXdDaZ
/SYS,SF_IntAlpha_2,Connection,754LOQHk00mg57dSpz7S6Z
/Explore/TestProject,WS1,Folder,gjf3oWFoKGRf0g69lOcMKt
/SYS,DNA Extract LOS SQL DB,Connection,jcINnr3WHAIkD2iX8tYu0A
/Explore/TestProject/WS1,m_ACBSDNALoan_To_nCino_upd,DTEMPLATE,hcUG2TaADkFe3I81okL4qE
/SYS,SQLServer_Temp,Connection,79fO7Wnivm3dlZqKwKXJAa
/Explore/TestProject/WS2,FileCon,AI_CONNECTION,bsoU52PcASmhlM9F3Y2Pk0
/SYS,CISHUB_IMDDMSQL55,Connection,kie6IozJVUfiRk4DuNbeCa
/SYS,SF_ICLOAD,Connection,6H5dcb9oOz0bvHIKxbIWyo
/Explore/TestProject/SalesforceConnect,OauthTR1,AI_CONNECTION,jsOYgsGr08xffBW078mhmw
/Explore/TestProject/SalesforceConnect,TrainingDestBox,AI_CONNECTION,k8FVIH3tTitiYQjxSoEMaW
/SYS,SF_IntAlpha,Connection,5Yh4P2HVu4tgQN8z8ok2i8
/Explore/TestProject/SFDC connect,SalesforceTrainingSrc,AI_CONNECTION,1Ti0GpOQkdagI7jMP2CU2G
/Explore/TestProject/WS2,DNA_Contacts_Query,CustomSource,0dfosOonSwMgp2Q3Paiqkn
/SYS,Salesforce ICData,Connection,9guf3P4gDcOdfAr9kmbDyR
/Explore/TestProject/WS1,m_ACBSDNALoan_To_nCino_DUMP,DTEMPLATE,5ITgfzn3Ms9jFbNUkzHPWU
/Explore/TestProject,SFDC connect,Folder,gSEgeqS8SQXk5yLZtXOFSs
/SYS,SQLServer_ACBS_DEV,Connection,9fDIO5mgsboiztb8NKV7C6
/SYS,SQLServer_SMUDMSQL01,Connection,k5T17U3UAS1j8xen28vmw9
/Explore/TestProject/WS2,EntityInvolvement_DNA,CustomSource,6mgfxOl4lmoiFGwDGL9Bci
/Explore/TestProject/WS1,m_ACBS_Loan,DTEMPLATE,5zVpmBolkB2iXEu0GD11Qp
/Explore/TestProject,SalesforceConnect,Folder,8xaX5Mav3Bsf1Og81gkE6i
/Explore/TestProject,WS2,Folder,fTYzp4TsBuqdIYDK5nfjcr
/SYS,LOSDMETL02,AgentGroup,iTMDsgRck4ictrxjWjOzwI
/Explore,TestProject,Project,0c2I1ejtAAYgoxe0NGwJC5
/Explore/TestProject/WS1,Del_Loan,DTEMPLATE,eQGVc4YeHqPgduUliKPUeZ
/Explore/TestProject/WS1,m_ACBSDNALoan_Subloan_To_nCino,DTEMPLATE,7u0wySqSbIPe1vZ19EUJC9
/Explore/TestProject/WS1,m_ACBSDNALoan_Subloan_To_nCino_upd,DTEMPLATE,2ezh61Y3mF1joRMTfg0REZ