{
  "name" : "IICS-CLI-2021-12-15T12:40:44Z",
  "sourceOrgId" : "flaf4kJCpkXi3NAYjbgPY9",
  "sourceOrgName" : "AgFirst Farm Credit Bank",
  "exportedObjects" : [ {
    "objectGuid" : "16wKYV9I368kig1SuYOD42",
    "objectName" : "mt_m_ACBSDNALoan_To_nCino_upd",
    "objectType" : "MTT",
    "path" : "/Explore/TestProject/WS1",
    "metadata" : {
      "modelVersion" : {
        "major" : 0,
        "minor" : 0
      },
      "repoInfo" : {
        "repoHandle" : "01AU0G0Z00000000003A"
      },
      "objectRefs" : [ "kie6IozJVUfiRk4DuNbeCa", "6H5dcb9oOz0bvHIKxbIWyo", "iTMDsgRck4ictrxjWjOzwI", "jcINnr3WHAIkD2iX8tYu0A", "9fDIO5mgsboiztb8NKV7C6", "hcUG2TaADkFe3I81okL4qE", "k5T17U3UAS1j8xen28vmw9" ],
      "contextAttributes" : [ {
        "name" : "id",
        "value" : "@1"
      } ],
      "additionalInfo" : {
        "description" : "",
        "contentType" : null,
        "documentState" : "VALID"
      }
    }
  }, {
    "objectGuid" : "9xKoGiPLCACgHeWILXdDaZ",
    "objectName" : "SQLServer_DNA_DEV",
    "objectType" : "Connection",
    "path" : "/SYS",
    "metadata" : {
      "modelVersion" : {
        "major" : 0,
        "minor" : 0
      },
      "repoInfo" : {
        "repoHandle" : "01AU0G0B000000000008"
      },
      "objectRefs" : [ "iTMDsgRck4ictrxjWjOzwI" ],
      "contextAttributes" : [ {
        "name" : "id",
        "value" : "@1"
      } ],
      "additionalInfo" : {
        "description" : null,
        "contentType" : "JSON",
        "documentState" : "COMPLETE"
      }
    }
  }, {
    "objectGuid" : "754LOQHk00mg57dSpz7S6Z",
    "objectName" : "SF_IntAlpha_2",
    "objectType" : "Connection",
    "path" : "/SYS",
    "metadata" : {
      "modelVersion" : {
        "major" : 0,
        "minor" : 0
      },
      "repoInfo" : {
        "repoHandle" : "01AU0G0B000000000004"
      },
      "objectRefs" : [ "iTMDsgRck4ictrxjWjOzwI" ],
      "contextAttributes" : [ {
        "name" : "id",
        "value" : "@1"
      } ],
      "additionalInfo" : {
        "description" : null,
        "contentType" : "JSON",
        "documentState" : "COMPLETE"
      }
    }
  }, {
    "objectGuid" : "gjf3oWFoKGRf0g69lOcMKt",
    "objectName" : "WS1",
    "objectType" : "Folder",
    "path" : "/Explore/TestProject",
    "metadata" : {
      "modelVersion" : {
        "major" : 0,
        "minor" : 0
      },
      "repoInfo" : null,
      "objectRefs" : [ ],
      "contextAttributes" : [ ],
      "additionalInfo" : {
        "description" : "",
        "contentType" : "Binary",
        "documentState" : "COMPLETE"
      }
    }
  }, {
    "objectGuid" : "jcINnr3WHAIkD2iX8tYu0A",
    "objectName" : "DNA Extract LOS SQL DB",
    "objectType" : "Connection",
    "path" : "/SYS",
    "metadata" : {
      "modelVersion" : {
        "major" : 0,
        "minor" : 0
      },
      "repoInfo" : {
        "repoHandle" : "01AU0G0B00000000000L"
      },
      "objectRefs" : [ "iTMDsgRck4ictrxjWjOzwI" ],
      "contextAttributes" : [ {
        "name" : "id",
        "value" : "@1"
      } ],
      "additionalInfo" : {
        "description" : "DNA Extract LOS SQL DB dev connection  added by Hutchison",
        "contentType" : "JSON",
        "documentState" : "COMPLETE"
      }
    }
  }, {
    "objectGuid" : "hcUG2TaADkFe3I81okL4qE",
    "objectName" : "m_ACBSDNALoan_To_nCino_upd",
    "objectType" : "DTEMPLATE",
    "path" : "/Explore/TestProject/WS1",
    "metadata" : {
      "modelVersion" : {
        "major" : 0,
        "minor" : 0
      },
      "repoInfo" : {
        "repoHandle" : "01AU0G17000000000033"
      },
      "objectRefs" : [ "kie6IozJVUfiRk4DuNbeCa", "6H5dcb9oOz0bvHIKxbIWyo", "jcINnr3WHAIkD2iX8tYu0A", "9fDIO5mgsboiztb8NKV7C6", "k5T17U3UAS1j8xen28vmw9" ],
      "contextAttributes" : [ {
        "name" : "id",
        "value" : "@1"
      } ],
      "additionalInfo" : {
        "description" : "",
        "contentType" : null,
        "documentState" : "VALID"
      }
    }
  }, {
    "objectGuid" : "79fO7Wnivm3dlZqKwKXJAa",
    "objectName" : "SQLServer_Temp",
    "objectType" : "Connection",
    "path" : "/SYS",
    "metadata" : {
      "modelVersion" : {
        "major" : 0,
        "minor" : 0
      },
      "repoInfo" : {
        "repoHandle" : "01AU0G0B00000000000A"
      },
      "objectRefs" : [ "iTMDsgRck4ictrxjWjOzwI" ],
      "contextAttributes" : [ {
        "name" : "id",
        "value" : "@1"
      } ],
      "additionalInfo" : {
        "description" : null,
        "contentType" : "JSON",
        "documentState" : "COMPLETE"
      }
    }
  }, {
    "objectGuid" : "bsoU52PcASmhlM9F3Y2Pk0",
    "objectName" : "FileCon",
    "objectType" : "AI_CONNECTION",
    "path" : "/Explore/TestProject/WS2",
    "metadata" : {
      "modelVersion" : {
        "major" : 1,
        "minor" : 0
      },
      "repoInfo" : {
        "repoHandle" : "02Fjuz3PI2HBxZm-gt-1344945-2021-12-15T12:37:47.994Z::conn.xml"
      },
      "objectRefs" : [ ],
      "contextAttributes" : null,
      "additionalInfo" : {
        "description" : "",
        "contentType" : null,
        "documentState" : "VALID"
      }
    }
  }, {
    "objectGuid" : "kie6IozJVUfiRk4DuNbeCa",
    "objectName" : "CISHUB_IMDDMSQL55",
    "objectType" : "Connection",
    "path" : "/SYS",
    "metadata" : {
      "modelVersion" : {
        "major" : 0,
        "minor" : 0
      },
      "repoInfo" : {
        "repoHandle" : "01AU0G0B00000000000P"
      },
      "objectRefs" : [ "iTMDsgRck4ictrxjWjOzwI" ],
      "contextAttributes" : [ {
        "name" : "id",
        "value" : "@1"
      } ],
      "additionalInfo" : {
        "description" : "CISHUB_IMDDMSQL55 to get customer Cluster id from EID from CIS for ACA 52",
        "contentType" : "JSON",
        "documentState" : "COMPLETE"
      }
    }
  }, {
    "objectGuid" : "6H5dcb9oOz0bvHIKxbIWyo",
    "objectName" : "SF_ICLOAD",
    "objectType" : "Connection",
    "path" : "/SYS",
    "metadata" : {
      "modelVersion" : {
        "major" : 0,
        "minor" : 0
      },
      "repoInfo" : {
        "repoHandle" : "01AU0G0B000000000010"
      },
      "objectRefs" : [ "iTMDsgRck4ictrxjWjOzwI" ],
      "contextAttributes" : [ {
        "name" : "id",
        "value" : "@1"
      } ],
      "additionalInfo" : {
        "description" : null,
        "contentType" : "JSON",
        "documentState" : "COMPLETE"
      }
    }
  }, {
    "objectGuid" : "jsOYgsGr08xffBW078mhmw",
    "objectName" : "OauthTR1",
    "objectType" : "AI_CONNECTION",
    "path" : "/Explore/TestProject/SalesforceConnect",
    "metadata" : {
      "modelVersion" : {
        "major" : 1,
        "minor" : 0
      },
      "repoInfo" : {
        "repoHandle" : "7ESGzqzm5Y6tMFy-gt-4572633-2021-12-02T16:13:18.95Z::conn.xml"
      },
      "objectRefs" : [ ],
      "contextAttributes" : null,
      "additionalInfo" : {
        "description" : "",
        "contentType" : "application/json; charset=utf-8",
        "documentState" : "VALID"
      }
    }
  }, {
    "objectGuid" : "k8FVIH3tTitiYQjxSoEMaW",
    "objectName" : "TrainingDestBox",
    "objectType" : "AI_CONNECTION",
    "path" : "/Explore/TestProject/SalesforceConnect",
    "metadata" : {
      "modelVersion" : {
        "major" : 1,
        "minor" : 0
      },
      "repoInfo" : {
        "repoHandle" : "N4GkRCU7uMydx2C-gt-3734414-2021-10-07T13:16:47.63Z::conn.xml"
      },
      "objectRefs" : [ ],
      "contextAttributes" : null,
      "additionalInfo" : {
        "description" : "",
        "contentType" : "application/json; charset=utf-8",
        "documentState" : "VALID"
      }
    }
  }, {
    "objectGuid" : "5Yh4P2HVu4tgQN8z8ok2i8",
    "objectName" : "SF_IntAlpha",
    "objectType" : "Connection",
    "path" : "/SYS",
    "metadata" : {
      "modelVersion" : {
        "major" : 0,
        "minor" : 0
      },
      "repoInfo" : {
        "repoHandle" : "01AU0G0B000000000003"
      },
      "objectRefs" : [ "iTMDsgRck4ictrxjWjOzwI" ],
      "contextAttributes" : [ {
        "name" : "id",
        "value" : "@1"
      } ],
      "additionalInfo" : {
        "description" : null,
        "contentType" : "JSON",
        "documentState" : "COMPLETE"
      }
    }
  }, {
    "objectGuid" : "1Ti0GpOQkdagI7jMP2CU2G",
    "objectName" : "SalesforceTrainingSrc",
    "objectType" : "AI_CONNECTION",
    "path" : "/Explore/TestProject/SFDC connect",
    "metadata" : {
      "modelVersion" : {
        "major" : 1,
        "minor" : 0
      },
      "repoInfo" : {
        "repoHandle" : "rhNzUzeA8rJ4pbg-gt-712269-2021-12-13T13:51:15.28Z::conn.xml"
      },
      "objectRefs" : [ ],
      "contextAttributes" : null,
      "additionalInfo" : {
        "description" : "Connecting to Salesforce TrainingSrc",
        "contentType" : "application/json; charset=utf-8",
        "documentState" : "VALID"
      }
    }
  }, {
    "objectGuid" : "0dfosOonSwMgp2Q3Paiqkn",
    "objectName" : "DNA_Contacts_Query",
    "objectType" : "CustomSource",
    "path" : "/Explore/TestProject/WS2",
    "metadata" : {
      "modelVersion" : {
        "major" : 0,
        "minor" : 0
      },
      "repoInfo" : {
        "repoHandle" : "01AU0G0M00000000000D"
      },
      "objectRefs" : [ ],
      "contextAttributes" : [ {
        "name" : "id",
        "value" : "@1"
      } ],
      "additionalInfo" : {
        "description" : null,
        "contentType" : null,
        "documentState" : "VALID"
      }
    }
  }, {
    "objectGuid" : "9guf3P4gDcOdfAr9kmbDyR",
    "objectName" : "Salesforce ICData",
    "objectType" : "Connection",
    "path" : "/SYS",
    "metadata" : {
      "modelVersion" : {
        "major" : 0,
        "minor" : 0
      },
      "repoInfo" : {
        "repoHandle" : "01AU0G0B00000000000M"
      },
      "objectRefs" : [ "iTMDsgRck4ictrxjWjOzwI" ],
      "contextAttributes" : [ {
        "name" : "id",
        "value" : "@1"
      } ],
      "additionalInfo" : {
        "description" : "Salesforce Integration Sandbox connection using OAuth",
        "contentType" : "JSON",
        "documentState" : "COMPLETE"
      }
    }
  }, {
    "objectGuid" : "5ITgfzn3Ms9jFbNUkzHPWU",
    "objectName" : "m_ACBSDNALoan_To_nCino_DUMP",
    "objectType" : "DTEMPLATE",
    "path" : "/Explore/TestProject/WS1",
    "metadata" : {
      "modelVersion" : {
        "major" : 0,
        "minor" : 0
      },
      "repoInfo" : {
        "repoHandle" : "01AU0G17000000000032"
      },
      "objectRefs" : [ "jcINnr3WHAIkD2iX8tYu0A", "9fDIO5mgsboiztb8NKV7C6", "k5T17U3UAS1j8xen28vmw9" ],
      "contextAttributes" : [ {
        "name" : "id",
        "value" : "@1"
      } ],
      "additionalInfo" : {
        "description" : "",
        "contentType" : null,
        "documentState" : "VALID"
      }
    }
  }, {
    "objectGuid" : "gSEgeqS8SQXk5yLZtXOFSs",
    "objectName" : "SFDC connect",
    "objectType" : "Folder",
    "path" : "/Explore/TestProject",
    "metadata" : {
      "modelVersion" : {
        "major" : 0,
        "minor" : 0
      },
      "repoInfo" : null,
      "objectRefs" : [ ],
      "contextAttributes" : [ ],
      "additionalInfo" : {
        "description" : "",
        "contentType" : "Binary",
        "documentState" : "COMPLETE"
      }
    }
  }, {
    "objectGuid" : "9fDIO5mgsboiztb8NKV7C6",
    "objectName" : "SQLServer_ACBS_DEV",
    "objectType" : "Connection",
    "path" : "/SYS",
    "metadata" : {
      "modelVersion" : {
        "major" : 0,
        "minor" : 0
      },
      "repoInfo" : {
        "repoHandle" : "01AU0G0B000000000006"
      },
      "objectRefs" : [ "iTMDsgRck4ictrxjWjOzwI" ],
      "contextAttributes" : [ {
        "name" : "id",
        "value" : "@1"
      } ],
      "additionalInfo" : {
        "description" : null,
        "contentType" : "JSON",
        "documentState" : "COMPLETE"
      }
    }
  }, {
    "objectGuid" : "k5T17U3UAS1j8xen28vmw9",
    "objectName" : "SQLServer_SMUDMSQL01",
    "objectType" : "Connection",
    "path" : "/SYS",
    "metadata" : {
      "modelVersion" : {
        "major" : 0,
        "minor" : 0
      },
      "repoInfo" : {
        "repoHandle" : "01AU0G0B00000000000S"
      },
      "objectRefs" : [ "iTMDsgRck4ictrxjWjOzwI" ],
      "contextAttributes" : [ {
        "name" : "id",
        "value" : "@1"
      } ],
      "additionalInfo" : {
        "description" : null,
        "contentType" : "JSON",
        "documentState" : "COMPLETE"
      }
    }
  }, {
    "objectGuid" : "6mgfxOl4lmoiFGwDGL9Bci",
    "objectName" : "EntityInvolvement_DNA",
    "objectType" : "CustomSource",
    "path" : "/Explore/TestProject/WS2",
    "metadata" : {
      "modelVersion" : {
        "major" : 0,
        "minor" : 0
      },
      "repoInfo" : {
        "repoHandle" : "01AU0G0M00000000000E"
      },
      "objectRefs" : [ ],
      "contextAttributes" : [ {
        "name" : "id",
        "value" : "@1"
      } ],
      "additionalInfo" : {
        "description" : null,
        "contentType" : null,
        "documentState" : "VALID"
      }
    }
  }, {
    "objectGuid" : "5zVpmBolkB2iXEu0GD11Qp",
    "objectName" : "m_ACBS_Loan",
    "objectType" : "DTEMPLATE",
    "path" : "/Explore/TestProject/WS1",
    "metadata" : {
      "modelVersion" : {
        "major" : 0,
        "minor" : 0
      },
      "repoInfo" : {
        "repoHandle" : "01AU0G17000000000037"
      },
      "objectRefs" : [ "kie6IozJVUfiRk4DuNbeCa", "9guf3P4gDcOdfAr9kmbDyR", "9fDIO5mgsboiztb8NKV7C6", "k5T17U3UAS1j8xen28vmw9" ],
      "contextAttributes" : [ {
        "name" : "id",
        "value" : "@1"
      } ],
      "additionalInfo" : {
        "description" : "ACBS Entity Involvement mapping to create relationship between customer and Loan",
        "contentType" : null,
        "documentState" : "VALID"
      }
    }
  }, {
    "objectGuid" : "8xaX5Mav3Bsf1Og81gkE6i",
    "objectName" : "SalesforceConnect",
    "objectType" : "Folder",
    "path" : "/Explore/TestProject",
    "metadata" : {
      "modelVersion" : {
        "major" : 0,
        "minor" : 0
      },
      "repoInfo" : null,
      "objectRefs" : [ ],
      "contextAttributes" : [ ],
      "additionalInfo" : {
        "description" : "Establish connection to Salesforce",
        "contentType" : "Binary",
        "documentState" : "COMPLETE"
      }
    }
  }, {
    "objectGuid" : "fTYzp4TsBuqdIYDK5nfjcr",
    "objectName" : "WS2",
    "objectType" : "Folder",
    "path" : "/Explore/TestProject",
    "metadata" : {
      "modelVersion" : {
        "major" : 0,
        "minor" : 0
      },
      "repoInfo" : null,
      "objectRefs" : [ ],
      "contextAttributes" : [ ],
      "additionalInfo" : {
        "description" : "",
        "contentType" : "Binary",
        "documentState" : "COMPLETE"
      }
    }
  }, {
    "objectGuid" : "iTMDsgRck4ictrxjWjOzwI",
    "objectName" : "LOSDMETL02",
    "objectType" : "AgentGroup",
    "path" : "/SYS",
    "metadata" : {
      "modelVersion" : {
        "major" : 0,
        "minor" : 0
      },
      "repoInfo" : {
        "repoHandle" : "01AU0G25000000000002"
      },
      "objectRefs" : [ ],
      "contextAttributes" : [ {
        "name" : "id",
        "value" : "@1"
      } ],
      "additionalInfo" : {
        "description" : null,
        "contentType" : "JSON",
        "documentState" : "VALID"
      }
    }
  }, {
    "objectGuid" : "0c2I1ejtAAYgoxe0NGwJC5",
    "objectName" : "TestProject",
    "objectType" : "Project",
    "path" : "/Explore",
    "metadata" : {
      "modelVersion" : {
        "major" : 0,
        "minor" : 0
      },
      "repoInfo" : null,
      "objectRefs" : [ ],
      "contextAttributes" : [ ],
      "additionalInfo" : {
        "description" : "Test Project for testing purpose",
        "contentType" : "Binary",
        "documentState" : "COMPLETE"
      }
    }
  }, {
    "objectGuid" : "eQGVc4YeHqPgduUliKPUeZ",
    "objectName" : "Del_Loan",
    "objectType" : "DTEMPLATE",
    "path" : "/Explore/TestProject/WS1",
    "metadata" : {
      "modelVersion" : {
        "major" : 0,
        "minor" : 0
      },
      "repoInfo" : {
        "repoHandle" : "01AU0G17000000000035"
      },
      "objectRefs" : [ "6H5dcb9oOz0bvHIKxbIWyo" ],
      "contextAttributes" : [ {
        "name" : "id",
        "value" : "@1"
      } ],
      "additionalInfo" : {
        "description" : "",
        "contentType" : null,
        "documentState" : "VALID"
      }
    }
  }, {
    "objectGuid" : "7u0wySqSbIPe1vZ19EUJC9",
    "objectName" : "m_ACBSDNALoan_Subloan_To_nCino",
    "objectType" : "DTEMPLATE",
    "path" : "/Explore/TestProject/WS1",
    "metadata" : {
      "modelVersion" : {
        "major" : 0,
        "minor" : 0
      },
      "repoInfo" : {
        "repoHandle" : "01AU0G17000000000036"
      },
      "objectRefs" : [ "9guf3P4gDcOdfAr9kmbDyR", "754LOQHk00mg57dSpz7S6Z", "9xKoGiPLCACgHeWILXdDaZ", "9fDIO5mgsboiztb8NKV7C6", "79fO7Wnivm3dlZqKwKXJAa" ],
      "contextAttributes" : [ {
        "name" : "id",
        "value" : "@1"
      } ],
      "additionalInfo" : {
        "description" : "",
        "contentType" : null,
        "documentState" : "VALID"
      }
    }
  }, {
    "objectGuid" : "2ezh61Y3mF1joRMTfg0REZ",
    "objectName" : "m_ACBSDNALoan_Subloan_To_nCino_upd",
    "objectType" : "DTEMPLATE",
    "path" : "/Explore/TestProject/WS1",
    "metadata" : {
      "modelVersion" : {
        "major" : 0,
        "minor" : 0
      },
      "repoInfo" : {
        "repoHandle" : "01AU0G17000000000034"
      },
      "objectRefs" : [ "kie6IozJVUfiRk4DuNbeCa", "9guf3P4gDcOdfAr9kmbDyR", "jcINnr3WHAIkD2iX8tYu0A", "5Yh4P2HVu4tgQN8z8ok2i8", "9fDIO5mgsboiztb8NKV7C6", "k5T17U3UAS1j8xen28vmw9", "79fO7Wnivm3dlZqKwKXJAa" ],
      "contextAttributes" : [ {
        "name" : "id",
        "value" : "@1"
      } ],
      "additionalInfo" : {
        "description" : "",
        "contentType" : null,
        "documentState" : "VALID"
      }
    }
  } ]
}